t,scrape_ms,status,in_progress_regular,in_progress_control,refused_regular,refused_control,allowance_regular,allowance_control,hot_buffer_events,hot_buffer_admission_state,wal_files,active_connections,parquet_files
0.0,61.6,200,1.0,1.0,0.0,0.0,32.0,4.0,0.0,0.0,0.0,2.0,71.0
0.266,137.2,200,4.0,1.0,0.0,0.0,32.0,4.0,0.0,0.0,0.0,5.0,71.0
0.5,128.7,200,4.0,1.0,0.0,0.0,32.0,4.0,0.0,0.0,0.0,5.0,71.0
0.772,131.7,200,4.0,1.0,0.0,0.0,32.0,4.0,13.0,0.0,0.0,5.0,71.0
1.002,37.1,200,4.0,1.0,0.0,0.0,32.0,4.0,13.0,0.0,0.0,5.0,71.0
1.25,42.8,200,4.0,1.0,0.0,0.0,32.0,4.0,13.0,0.0,0.0,5.0,71.0
1.5,41.8,200,4.0,1.0,0.0,0.0,32.0,4.0,13.0,0.0,0.0,5.0,71.0
1.75,42.8,200,4.0,1.0,0.0,0.0,32.0,4.0,13.0,0.0,0.0,5.0,71.0
2.0,42.8,200,4.0,1.0,0.0,0.0,32.0,4.0,13.0,0.0,0.0,5.0,71.0
2.25,42.8,200,4.0,1.0,0.0,0.0,32.0,4.0,13.0,0.0,0.0,5.0,71.0
2.5,42.8,200,4.0,1.0,0.0,0.0,32.0,4.0,13.0,0.0,0.0,5.0,71.0
2.75,41.8,200,4.0,1.0,0.0,0.0,32.0,4.0,13.0,0.0,0.0,5.0,71.0
3.0,41.8,200,3.0,1.0,0.0,0.0,32.0,4.0,13.0,0.0,0.0,4.0,71.0
3.25,41.8,200,3.0,1.0,0.0,0.0,32.0,4.0,13.0,0.0,0.0,4.0,71.0
3.5,42.8,200,3.0,1.0,0.0,0.0,32.0,4.0,13.0,0.0,0.0,4.0,71.0
3.75,42.8,200,3.0,1.0,0.0,0.0,32.0,4.0,5539.0,0.0,0.0,4.0,71.0
4.0,41.8,200,4.0,1.0,0.0,0.0,32.0,4.0,8311.0,0.0,0.0,5.0,71.0
4.25,41.8,200,4.0,1.0,0.0,0.0,32.0,4.0,8311.0,0.0,0.0,5.0,71.0
4.5,41.8,200,3.0,1.0,0.0,0.0,32.0,4.0,16594.0,0.0,0.0,4.0,71.0
4.75,41.8,200,3.0,1.0,0.0,0.0,32.0,4.0,16594.0,0.0,0.0,4.0,71.0
5.0,41.8,200,3.0,1.0,0.0,0.0,32.0,4.0,16603.0,0.0,0.0,4.0,71.0
5.25,42.8,200,3.0,1.0,0.0,0.0,32.0,4.0,24892.0,0.0,0.0,4.0,71.0
5.5,42.8,200,4.0,1.0,0.0,0.0,32.0,4.0,24892.0,0.0,0.0,5.0,71.0
5.75,43.8,200,4.0,1.0,0.0,0.0,32.0,4.0,24892.0,0.0,0.0,5.0,71.0
6.0,43.9,200,4.0,1.0,0.0,0.0,32.0,4.0,33173.0,0.0,0.0,5.0,71.0
6.25,42.8,200,3.0,1.0,0.0,0.0,32.0,4.0,33173.0,0.0,0.0,4.0,71.0
6.5,42.8,200,3.0,1.0,0.0,0.0,32.0,4.0,33173.0,0.0,0.0,4.0,71.0
6.75,41.9,200,3.0,1.0,0.0,0.0,32.0,4.0,35928.0,0.0,0.0,4.0,71.0
7.0,42.8,200,3.0,1.0,0.0,0.0,32.0,4.0,41452.0,0.0,0.0,4.0,71.0
7.25,42.9,200,4.0,1.0,0.0,0.0,32.0,4.0,41452.0,0.0,0.0,5.0,71.0
7.5,42.8,200,4.0,1.0,0.0,0.0,32.0,4.0,41452.0,0.0,0.0,5.0,71.0
7.75,413.6,200,1.0,1.0,0.0,0.0,32.0,4.0,41452.0,0.0,0.0,2.0,71.0
8.25,42.9,200,7.0,1.0,0.0,0.0,32.0,4.0,49715.0,0.0,0.0,8.0,71.0
8.5,42.8,200,6.0,1.0,0.0,0.0,32.0,4.0,49715.0,1.0,0.0,7.0,71.0
8.75,42.7,200,6.0,1.0,0.0,0.0,32.0,4.0,49715.0,1.0,0.0,7.0,71.0
9.0,41.8,200,6.0,1.0,0.0,0.0,32.0,4.0,66239.0,1.0,0.0,7.0,71.0
9.25,42.8,200,6.0,1.0,0.0,0.0,32.0,4.0,63297.0,1.0,0.0,7.0,71.0
9.5,42.8,200,7.0,1.0,0.0,0.0,32.0,4.0,63297.0,1.0,0.0,8.0,71.0
9.75,41.8,200,7.0,1.0,0.0,0.0,32.0,4.0,78831.0,1.0,0.0,8.0,71.0
10.0,41.8,200,7.0,1.0,0.0,0.0,32.0,4.0,75867.0,1.0,0.0,8.0,71.0
10.25,42.8,200,7.0,1.0,0.0,0.0,32.0,4.0,75867.0,1.0,0.0,8.0,71.0
10.5,41.8,200,7.0,1.0,0.0,0.0,32.0,4.0,75867.0,1.0,0.0,8.0,71.0
10.75,41.8,200,7.0,1.0,0.0,0.0,32.0,4.0,75867.0,1.0,0.0,8.0,71.0
11.0,41.8,200,7.0,1.0,0.0,0.0,32.0,4.0,75867.0,1.0,0.0,8.0,71.0
11.25,41.8,200,7.0,1.0,0.0,0.0,32.0,4.0,75867.0,1.0,0.0,8.0,71.0
11.5,41.8,200,7.0,1.0,0.0,0.0,32.0,4.0,75867.0,1.0,0.0,8.0,71.0
11.75,43.8,200,7.0,1.0,0.0,0.0,32.0,4.0,75867.0,1.0,0.0,8.0,71.0
12.0,41.8,200,6.0,1.0,0.0,0.0,32.0,4.0,74894.0,1.0,0.0,7.0,71.0
12.25,41.8,200,6.0,1.0,0.0,0.0,32.0,4.0,74894.0,1.0,0.0,7.0,71.0
12.5,42.9,200,9.0,1.0,0.0,0.0,32.0,4.0,87222.0,1.0,0.0,10.0,71.0
12.75,41.8,200,4.0,1.0,0.0,0.0,32.0,4.0,80558.0,2.0,0.0,5.0,71.0
13.0,41.8,200,5.0,1.0,0.0,0.0,32.0,4.0,80558.0,2.0,0.0,6.0,71.0
13.25,41.8,200,6.0,1.0,0.0,0.0,32.0,4.0,80558.0,2.0,0.0,7.0,71.0
13.5,1886.9,200,2.0,1.0,0.0,0.0,32.0,4.0,89600.0,2.0,0.0,3.0,71.0
15.5,42.8,200,4.0,1.0,0.0,0.0,32.0,4.0,89623.0,2.0,0.0,5.0,71.0
15.75,42.8,200,2.0,1.0,0.0,0.0,32.0,4.0,85675.0,2.0,0.0,3.0,71.0
16.0,41.8,200,3.0,1.0,0.0,0.0,32.0,4.0,87442.0,2.0,0.0,4.0,71.0
16.25,41.8,200,4.0,1.0,0.0,0.0,32.0,4.0,87442.0,2.0,0.0,5.0,71.0
16.5,41.8,200,1.0,1.0,0.0,0.0,32.0,4.0,90140.0,2.0,0.0,2.0,71.0
16.75,2035.9,200,3.0,1.0,0.0,0.0,32.0,4.0,92027.0,2.0,0.0,4.0,71.0
19.0,43.8,200,2.0,1.0,0.0,0.0,32.0,4.0,92068.0,2.0,0.0,3.0,71.0
19.25,41.8,200,1.0,1.0,0.0,0.0,32.0,4.0,86310.0,2.0,0.0,2.0,71.0
19.5,42.8,200,3.0,1.0,0.0,0.0,32.0,4.0,85323.0,2.0,0.0,4.0,71.0
19.75,41.8,200,3.0,1.0,0.0,0.0,32.0,4.0,86179.0,2.0,0.0,4.0,71.0
20.0,42.8,200,3.0,1.0,0.0,0.0,32.0,4.0,86179.0,2.0,0.0,4.0,71.0
20.25,1964.4,200,7.0,1.0,0.0,0.0,32.0,4.0,89710.0,2.0,0.0,8.0,71.0
22.25,42.8,200,8.0,1.0,0.0,0.0,32.0,4.0,89739.0,2.0,0.0,9.0,71.0
22.5,43.8,200,1.0,1.0,0.0,0.0,32.0,4.0,88752.0,2.0,0.0,2.0,71.0
22.75,42.8,200,1.0,1.0,0.0,0.0,32.0,4.0,90413.0,2.0,0.0,2.0,71.0
23.0,42.8,200,2.0,1.0,0.0,0.0,32.0,4.0,86462.0,2.0,0.0,3.0,71.0
23.25,42.8,200,2.0,1.0,0.0,0.0,32.0,4.0,86462.0,2.0,0.0,3.0,71.0
23.5,42.8,200,3.0,1.0,0.0,0.0,32.0,4.0,88259.0,2.0,0.0,4.0,71.0
23.75,42.8,200,4.0,1.0,0.0,0.0,32.0,4.0,89035.0,2.0,0.0,5.0,71.0
24.0,1671.9,200,1.0,1.0,0.0,0.0,32.0,4.0,89035.0,2.0,0.0,3.0,71.0
25.75,41.8,200,3.0,1.0,0.0,0.0,32.0,4.0,91788.0,2.0,0.0,4.0,71.0
26.0,41.9,200,0.0,1.0,0.0,0.0,32.0,4.0,89811.0,2.0,0.0,1.0,71.0
26.25,41.8,200,3.0,1.0,0.0,0.0,32.0,4.0,84876.0,2.0,0.0,4.0,71.0
26.5,42.8,200,3.0,1.0,0.0,0.0,32.0,4.0,84876.0,2.0,0.0,4.0,71.0
26.75,42.8,200,2.0,1.0,0.0,0.0,32.0,4.0,85738.0,2.0,0.0,3.0,71.0
27.0,41.8,200,5.0,1.0,0.0,0.0,32.0,4.0,85738.0,2.0,0.0,6.0,71.0
27.25,2062.3,200,2.0,1.0,0.0,0.0,32.0,4.0,90260.0,2.0,0.0,3.0,71.0
29.5,42.7,200,3.0,1.0,0.0,0.0,32.0,4.0,90276.0,2.0,0.0,4.0,71.0
29.75,42.8,200,3.0,1.0,0.0,0.0,32.0,4.0,89289.0,2.0,0.0,4.0,71.0
30.0,41.8,200,1.0,1.0,0.0,0.0,32.0,4.0,91057.0,2.0,0.0,2.0,71.0
30.25,42.8,200,1.0,1.0,0.0,0.0,32.0,4.0,88093.0,2.0,1119.0,2.0,102.0
30.5,42.8,200,1.0,1.0,0.0,0.0,32.0,4.0,89883.0,2.0,1119.0,2.0,102.0
30.75,41.8,200,2.0,1.0,0.0,0.0,32.0,4.0,89883.0,2.0,1119.0,3.0,102.0
31.0,42.8,200,2.0,1.0,0.0,0.0,32.0,4.0,89883.0,2.0,1119.0,3.0,102.0
31.25,42.8,200,2.0,1.0,0.0,0.0,32.0,4.0,89883.0,2.0,1119.0,3.0,102.0
31.5,41.8,200,4.0,1.0,0.0,0.0,32.0,4.0,89883.0,2.0,1119.0,5.0,102.0
31.75,42.8,200,3.0,1.0,0.0,0.0,32.0,4.0,89883.0,2.0,1119.0,4.0,102.0
32.0,41.8,200,2.0,1.0,0.0,0.0,32.0,4.0,89883.0,2.0,1119.0,3.0,102.0
32.25,41.8,200,2.0,1.0,0.0,0.0,32.0,4.0,89883.0,2.0,1119.0,3.0,102.0
32.5,42.8,200,4.0,1.0,0.0,0.0,32.0,4.0,89883.0,2.0,1119.0,5.0,102.0
32.75,42.8,200,2.0,1.0,0.0,0.0,32.0,4.0,89883.0,2.0,1119.0,3.0,102.0
33.0,42.8,200,1.0,1.0,0.0,0.0,32.0,4.0,87913.0,2.0,1119.0,2.0,102.0
33.25,42.7,200,2.0,1.0,0.0,0.0,32.0,4.0,87913.0,2.0,1119.0,3.0,102.0
33.5,41.8,200,2.0,1.0,0.0,0.0,32.0,4.0,88691.0,2.0,1119.0,3.0,102.0
33.75,41.8,200,1.0,1.0,0.0,0.0,32.0,4.0,88691.0,2.0,1119.0,2.0,102.0
34.0,2002.9,200,2.0,1.0,0.0,0.0,32.0,4.0,88818.0,2.0,1119.0,4.0,102.0
36.25,42.8,200,0.0,1.0,0.0,0.0,32.0,4.0,90141.0,2.0,1119.0,1.0,102.0
36.5,41.8,200,2.0,1.0,0.0,0.0,32.0,4.0,87351.0,2.0,1119.0,3.0,102.0
36.75,41.8,200,2.0,1.0,0.0,0.0,32.0,4.0,87351.0,2.0,1119.0,3.0,102.0
37.0,42.8,200,3.0,1.0,0.0,0.0,32.0,4.0,87351.0,2.0,1119.0,4.0,102.0
37.25,41.8,200,3.0,1.0,0.0,0.0,32.0,4.0,87351.0,2.0,1119.0,4.0,102.0
37.5,41.8,200,3.0,1.0,0.0,0.0,32.0,4.0,87351.0,2.0,1119.0,4.0,102.0
37.75,1926.9,200,1.0,1.0,0.0,0.0,32.0,4.0,88670.0,2.0,1119.0,2.0,102.0
39.75,42.8,200,2.0,1.0,0.0,0.0,32.0,4.0,91434.0,2.0,1119.0,3.0,102.0
40.0,41.9,200,0.0,1.0,0.0,0.0,32.0,4.0,89708.0,2.0,1119.0,1.0,102.0
40.25,41.8,200,1.0,1.0,0.0,0.0,32.0,4.0,87412.0,2.0,1119.0,2.0,102.0
40.5,42.8,200,2.0,1.0,0.0,0.0,32.0,4.0,87412.0,2.0,1119.0,3.0,102.0
40.75,42.8,200,2.0,1.0,0.0,0.0,32.0,4.0,87412.0,2.0,1119.0,3.0,102.0
41.0,43.8,200,3.0,1.0,0.0,0.0,32.0,4.0,87412.0,2.0,1119.0,4.0,102.0
41.25,41.8,200,3.0,1.0,0.0,0.0,32.0,4.0,87412.0,2.0,1119.0,4.0,102.0
41.5,1836.0,200,3.0,1.0,0.0,0.0,32.0,4.0,88853.0,2.0,1119.0,4.0,102.0
43.5,41.9,200,1.0,1.0,0.0,0.0,32.0,4.0,93042.0,2.0,1119.0,2.0,102.0
43.75,41.8,200,1.0,1.0,0.0,0.0,32.0,4.0,90414.0,2.0,1119.0,2.0,102.0
44.0,41.8,200,1.0,1.0,0.0,0.0,32.0,4.0,90414.0,2.0,1119.0,2.0,102.0
44.25,42.8,200,2.0,1.0,0.0,0.0,32.0,4.0,87913.0,2.0,1119.0,3.0,102.0
44.5,43.8,200,2.0,1.0,0.0,0.0,32.0,4.0,87932.0,2.0,1119.0,3.0,102.0
44.75,42.8,200,3.0,1.0,0.0,0.0,32.0,4.0,87932.0,2.0,1119.0,4.0,102.0
45.0,42.8,200,4.0,1.0,0.0,0.0,32.0,4.0,87279.0,2.0,1119.0,5.0,102.0
45.25,41.8,200,4.0,1.0,0.0,0.0,32.0,4.0,85549.0,2.0,1119.0,5.0,102.0
45.5,42.9,200,4.0,1.0,0.0,0.0,32.0,4.0,85549.0,2.0,1119.0,5.0,102.0
45.75,1334.5,200,2.0,1.0,0.0,0.0,32.0,4.0,85549.0,2.0,1119.0,3.0,102.0
47.25,43.9,200,6.0,1.0,0.0,0.0,32.0,4.0,92303.0,2.0,1119.0,7.0,102.0
47.5,43.9,200,1.0,1.0,0.0,0.0,32.0,4.0,90995.0,2.0,1119.0,2.0,102.0
47.75,41.8,200,2.0,1.0,0.0,0.0,32.0,4.0,90995.0,2.0,1119.0,3.0,102.0
48.0,42.8,200,3.0,1.0,0.0,0.0,32.0,4.0,90995.0,2.0,1119.0,4.0,102.0
48.25,45.7,200,2.0,1.0,0.0,0.0,32.0,4.0,90995.0,2.0,1119.0,3.0,102.0
48.5,42.8,200,2.0,1.0,0.0,0.0,32.0,4.0,90826.0,2.0,1119.0,3.0,102.0
48.75,1847.9,200,4.0,1.0,0.0,0.0,32.0,4.0,90826.0,2.0,1119.0,5.0,102.0
50.75,43.9,200,5.0,1.0,0.0,0.0,32.0,4.0,93605.0,2.0,1119.0,6.0,102.0
51.0,41.8,200,0.0,1.0,0.0,0.0,32.0,4.0,90977.0,2.0,1119.0,1.0,102.0
51.25,41.7,200,0.0,1.0,0.0,0.0,32.0,4.0,89662.0,2.0,1119.0,1.0,102.0
51.5,41.8,200,1.0,1.0,0.0,0.0,32.0,4.0,88348.0,2.0,1119.0,2.0,102.0
51.75,41.7,200,2.0,1.0,0.0,0.0,32.0,4.0,88348.0,2.0,1119.0,3.0,102.0
52.0,41.8,200,2.0,1.0,0.0,0.0,32.0,4.0,88406.0,2.0,1119.0,3.0,102.0
52.25,41.8,200,2.0,1.0,0.0,0.0,32.0,4.0,88406.0,2.0,1119.0,3.0,102.0
52.5,41.8,200,2.0,1.0,0.0,0.0,32.0,4.0,88406.0,2.0,1119.0,3.0,102.0
52.75,43.8,200,2.0,1.0,0.0,0.0,32.0,4.0,88406.0,2.0,1119.0,3.0,102.0
53.0,41.8,200,2.0,1.0,0.0,0.0,32.0,4.0,88406.0,2.0,1119.0,3.0,102.0
53.25,41.8,200,3.0,1.0,0.0,0.0,32.0,4.0,88406.0,2.0,1119.0,4.0,102.0
53.5,41.8,200,2.0,1.0,0.0,0.0,32.0,4.0,88406.0,2.0,1119.0,3.0,102.0
53.75,41.8,200,2.0,1.0,0.0,0.0,32.0,4.0,88406.0,2.0,1119.0,3.0,102.0
54.0,41.8,200,2.0,1.0,0.0,0.0,32.0,4.0,88406.0,2.0,1119.0,3.0,102.0
54.25,41.7,200,3.0,1.0,0.0,0.0,32.0,4.0,88406.0,2.0,1119.0,4.0,102.0
54.5,42.7,200,1.0,1.0,0.0,0.0,32.0,4.0,85785.0,2.0,1119.0,2.0,102.0
54.75,41.8,200,2.0,1.0,0.0,0.0,32.0,4.0,85251.0,2.0,1119.0,3.0,102.0
55.0,42.8,200,2.0,1.0,0.0,0.0,32.0,4.0,81969.0,2.0,1119.0,3.0,102.0
55.25,41.8,200,2.0,1.0,0.0,0.0,32.0,4.0,81969.0,2.0,1119.0,3.0,102.0
55.5,1782.0,200,6.0,1.0,0.0,0.0,32.0,4.0,82218.0,2.0,1119.0,7.0,102.0
57.5,42.7,200,4.0,1.0,0.0,0.0,32.0,4.0,83613.0,2.0,1119.0,5.0,102.0
57.75,41.8,200,5.0,1.0,0.0,0.0,32.0,4.0,80986.0,2.0,1119.0,6.0,102.0
58.0,41.8,200,4.0,1.0,0.0,0.0,32.0,4.0,80986.0,2.0,1119.0,5.0,102.0
58.25,42.8,200,4.0,1.0,0.0,0.0,32.0,4.0,86620.0,2.0,1119.0,5.0,102.0
58.5,41.8,200,2.0,1.0,0.0,0.0,32.0,4.0,87324.0,2.0,1119.0,3.0,102.0
58.75,1759.4,200,5.0,1.0,0.0,0.0,32.0,4.0,92265.0,2.0,1181.0,6.0,105.0
60.75,41.8,200,1.0,1.0,0.0,0.0,32.0,4.0,92265.0,2.0,1181.0,2.0,105.0
61.0,42.8,200,1.0,1.0,0.0,0.0,32.0,4.0,85696.0,2.0,1181.0,2.0,105.0
61.25,41.8,200,1.0,1.0,0.0,0.0,32.0,4.0,83069.0,2.0,1181.0,2.0,105.0
61.5,43.8,200,1.0,1.0,0.0,0.0,32.0,4.0,81875.0,2.0,1181.0,2.0,105.0
61.75,41.8,200,3.0,1.0,0.0,0.0,32.0,4.0,81900.0,2.0,1181.0,4.0,105.0
62.0,41.8,200,4.0,1.0,0.0,0.0,32.0,4.0,83333.0,2.0,1181.0,5.0,105.0
62.25,41.8,200,4.0,1.0,0.0,0.0,32.0,4.0,83333.0,2.0,1181.0,5.0,105.0
62.5,41.8,200,4.0,1.0,0.0,0.0,32.0,4.0,83333.0,2.0,1181.0,5.0,105.0
62.75,1082.2,200,2.0,1.0,0.0,0.0,32.0,4.0,83333.0,2.0,1181.0,4.0,105.0
64.0,42.8,200,2.0,1.0,0.0,0.0,32.0,4.0,88835.0,2.0,1181.0,3.0,105.0
64.25,41.8,200,2.0,1.0,0.0,0.0,32.0,4.0,86214.0,2.0,1181.0,3.0,105.0
64.5,41.8,200,1.0,1.0,0.0,0.0,32.0,4.0,83713.0,2.0,1181.0,2.0,105.0
64.75,41.8,200,2.0,1.0,0.0,0.0,32.0,4.0,83713.0,2.0,1181.0,3.0,105.0
65.0,41.7,200,3.0,1.0,0.0,0.0,32.0,4.0,85153.0,2.0,1181.0,4.0,105.0
65.25,1947.5,200,3.0,1.0,0.0,0.0,32.0,4.0,86587.0,2.0,1181.0,4.0,105.0
67.25,42.8,200,5.0,1.0,0.0,0.0,32.0,4.0,92112.0,2.0,1181.0,6.0,105.0
67.5,41.8,200,3.0,1.0,0.0,0.0,32.0,4.0,92112.0,2.0,1181.0,4.0,105.0
67.75,41.8,200,1.0,1.0,0.0,0.0,32.0,4.0,92112.0,2.0,1181.0,2.0,105.0
68.0,42.8,200,1.0,1.0,0.0,0.0,32.0,4.0,92496.0,2.0,1181.0,2.0,105.0
68.25,42.8,200,0.0,1.0,0.0,0.0,32.0,4.0,92526.0,2.0,1181.0,1.0,105.0
68.5,42.8,200,0.0,1.0,0.0,0.0,32.0,4.0,92526.0,2.0,1181.0,1.0,105.0
68.75,42.8,200,2.0,1.0,0.0,0.0,32.0,4.0,92526.0,2.0,1181.0,3.0,105.0
69.0,41.8,200,2.0,1.0,0.0,0.0,32.0,4.0,92526.0,2.0,1181.0,3.0,105.0
69.25,41.8,200,2.0,1.0,0.0,0.0,32.0,4.0,92526.0,2.0,1181.0,3.0,105.0
69.5,41.8,200,1.0,1.0,0.0,0.0,32.0,4.0,92526.0,2.0,1181.0,2.0,105.0
69.75,41.8,200,1.0,1.0,0.0,0.0,32.0,4.0,92526.0,2.0,1181.0,2.0,105.0
70.0,41.8,200,1.0,1.0,0.0,0.0,32.0,4.0,92526.0,2.0,1181.0,2.0,105.0
70.25,41.9,200,1.0,1.0,0.0,0.0,32.0,4.0,92526.0,2.0,1181.0,2.0,105.0
70.5,41.8,200,2.0,1.0,0.0,0.0,32.0,4.0,92526.0,2.0,1181.0,3.0,105.0
70.75,41.8,200,1.0,1.0,0.0,0.0,32.0,4.0,92526.0,2.0,1181.0,2.0,105.0
71.0,41.8,200,1.0,1.0,0.0,0.0,32.0,4.0,92548.0,2.0,1181.0,2.0,105.0
71.25,41.7,200,0.0,1.0,0.0,0.0,32.0,4.0,87032.0,2.0,1181.0,1.0,105.0
71.5,41.8,200,2.0,1.0,0.0,0.0,32.0,4.0,82896.0,2.0,1181.0,3.0,105.0
71.75,42.8,200,3.0,1.0,0.0,0.0,32.0,4.0,82896.0,2.0,1181.0,4.0,105.0
72.0,42.8,200,4.0,1.0,0.0,0.0,32.0,4.0,82896.0,2.0,1181.0,5.0,105.0
72.25,41.8,200,4.0,1.0,0.0,0.0,32.0,4.0,82896.0,2.0,1181.0,5.0,105.0
72.5,41.8,200,4.0,1.0,0.0,0.0,32.0,4.0,82896.0,2.0,1181.0,5.0,105.0
72.75,41.9,200,4.0,1.0,0.0,0.0,32.0,4.0,82896.0,2.0,1181.0,5.0,105.0
73.0,1848.4,200,4.0,1.0,0.0,0.0,32.0,4.0,85757.0,2.0,1181.0,5.0,105.0
75.0,43.8,200,6.0,1.0,0.0,0.0,32.0,4.0,91275.0,2.0,1181.0,7.0,105.0
75.25,41.8,200,2.0,1.0,0.0,0.0,32.0,4.0,89897.0,2.0,1181.0,3.0,105.0
75.5,42.8,200,2.0,1.0,0.0,0.0,32.0,4.0,89897.0,2.0,1181.0,3.0,105.0
75.75,41.7,200,1.0,1.0,0.0,0.0,32.0,4.0,89897.0,2.0,1181.0,2.0,105.0
76.0,42.7,200,1.0,1.0,0.0,0.0,32.0,4.0,89897.0,2.0,1181.0,2.0,105.0
76.25,41.8,200,2.0,1.0,0.0,0.0,32.0,4.0,89897.0,2.0,1181.0,3.0,105.0
76.5,1964.0,200,1.0,1.0,0.0,0.0,32.0,4.0,90395.0,2.0,1181.0,2.0,105.0
78.5,41.8,200,3.0,1.0,0.0,0.0,32.0,4.0,93162.0,2.0,1181.0,4.0,105.0
78.75,43.8,200,0.0,1.0,0.0,0.0,32.0,4.0,90404.0,2.0,1181.0,1.0,105.0
79.0,42.8,200,2.0,1.0,0.0,0.0,32.0,4.0,86268.0,2.0,1181.0,3.0,105.0
79.25,41.7,200,2.0,1.0,0.0,0.0,32.0,4.0,86268.0,2.0,1181.0,3.0,105.0
79.5,42.8,200,3.0,1.0,0.0,0.0,32.0,4.0,86268.0,2.0,1181.0,4.0,105.0
79.75,42.9,200,4.0,1.0,0.0,0.0,32.0,4.0,89015.0,2.0,1181.0,5.0,105.0
80.0,1825.8,200,4.0,1.0,0.0,0.0,32.0,4.0,86246.0,2.0,1181.0,6.0,105.0
82.0,41.8,200,2.0,1.0,0.0,0.0,32.0,4.0,91759.0,2.0,1181.0,3.0,105.0
82.25,41.8,200,1.0,1.0,0.0,0.0,32.0,4.0,89001.0,2.0,1181.0,2.0,105.0
82.5,41.8,200,4.0,1.0,0.0,0.0,32.0,4.0,89001.0,2.0,1181.0,5.0,105.0
82.75,42.8,200,1.0,1.0,0.0,0.0,32.0,4.0,89229.0,2.0,1181.0,2.0,105.0
83.0,41.8,200,1.0,1.0,0.0,0.0,32.0,4.0,89229.0,2.0,1181.0,2.0,105.0
83.25,42.8,200,1.0,1.0,0.0,0.0,32.0,4.0,86484.0,2.0,1181.0,2.0,105.0
83.5,41.8,200,1.0,1.0,0.0,0.0,32.0,4.0,86484.0,2.0,1181.0,2.0,105.0
83.75,41.8,200,1.0,1.0,0.0,0.0,32.0,4.0,86484.0,2.0,1181.0,2.0,105.0
84.0,41.8,200,1.0,1.0,0.0,0.0,32.0,4.0,86484.0,2.0,1181.0,2.0,105.0
84.25,41.8,200,1.0,1.0,0.0,0.0,32.0,4.0,86484.0,2.0,1181.0,2.0,105.0
84.5,43.8,200,1.0,1.0,0.0,0.0,32.0,4.0,86484.0,2.0,1181.0,2.0,105.0
84.75,42.8,200,1.0,1.0,0.0,0.0,32.0,4.0,86484.0,2.0,1181.0,2.0,105.0
85.0,41.8,200,2.0,1.0,0.0,0.0,32.0,4.0,86484.0,2.0,1181.0,3.0,105.0
85.25,41.8,200,2.0,1.0,0.0,0.0,32.0,4.0,86484.0,2.0,1181.0,3.0,105.0
85.5,41.7,200,1.0,1.0,0.0,0.0,32.0,4.0,83724.0,2.0,1181.0,2.0,105.0
85.75,41.7,200,1.0,1.0,0.0,0.0,32.0,4.0,83731.0,2.0,1181.0,2.0,105.0
86.0,41.8,200,0.0,1.0,0.0,0.0,32.0,4.0,79944.0,2.0,1181.0,1.0,105.0
86.25,41.8,200,1.0,1.0,0.0,0.0,32.0,4.0,77188.0,2.0,1181.0,2.0,105.0
86.5,41.8,200,2.0,1.0,0.0,0.0,32.0,4.0,77188.0,2.0,1181.0,3.0,105.0
86.75,1608.8,200,2.0,1.0,0.0,0.0,32.0,4.0,76037.0,2.0,1181.0,3.0,105.0
88.5,42.8,200,2.0,1.0,0.0,0.0,32.0,4.0,78792.0,2.0,1181.0,3.0,105.0
88.75,41.8,200,1.0,1.0,0.0,0.0,32.0,4.0,76030.0,2.0,1181.0,2.0,105.0
89.0,41.7,200,1.0,1.0,0.0,0.0,32.0,4.0,76030.0,2.0,1181.0,2.0,105.0
89.25,41.8,200,1.0,1.0,0.0,0.0,32.0,4.0,71886.0,2.0,1181.0,2.0,105.0
89.5,41.8,200,2.0,1.0,0.0,0.0,32.0,4.0,71886.0,2.0,1181.0,3.0,105.0
89.75,42.8,200,3.0,1.0,0.0,0.0,32.0,4.0,69786.0,2.0,1181.0,4.0,105.0
90.0,41.8,200,3.0,1.0,0.0,0.0,32.0,4.0,69786.0,2.0,1181.0,4.0,105.0
90.25,1139.3,200,3.0,1.0,0.0,0.0,32.0,4.0,69786.0,2.0,993.0,4.0,70.0
91.5,41.8,200,3.0,1.0,0.0,0.0,32.0,4.0,72539.0,2.0,993.0,4.0,70.0
91.75,41.8,200,2.0,1.0,0.0,0.0,32.0,4.0,69786.0,2.0,993.0,3.0,70.0
92.0,42.7,200,2.0,1.0,0.0,0.0,32.0,4.0,69786.0,2.0,993.0,3.0,70.0
92.25,41.8,200,3.0,1.0,0.0,0.0,32.0,4.0,69786.0,2.0,993.0,4.0,70.0
92.5,42.8,200,2.0,1.0,0.0,0.0,32.0,4.0,72767.0,2.0,993.0,3.0,70.0
92.75,41.8,200,3.0,1.0,0.0,0.0,32.0,4.0,72767.0,2.0,993.0,4.0,70.0
93.0,1484.0,200,1.0,1.0,0.0,0.0,32.0,4.0,72729.0,2.0,993.0,2.0,70.0
94.5,41.8,200,2.0,1.0,0.0,0.0,32.0,4.0,75493.0,2.0,993.0,3.0,70.0
94.75,41.8,200,2.0,1.0,0.0,0.0,32.0,4.0,75493.0,2.0,993.0,3.0,70.0
95.0,41.7,200,1.0,1.0,0.0,0.0,32.0,4.0,74113.0,2.0,993.0,2.0,70.0
95.25,41.8,200,1.0,1.0,0.0,0.0,32.0,4.0,74113.0,2.0,993.0,2.0,70.0
95.5,41.8,200,1.0,1.0,0.0,0.0,32.0,4.0,71365.0,2.0,993.0,2.0,70.0
95.75,41.8,200,2.0,1.0,0.0,0.0,32.0,4.0,71365.0,2.0,993.0,3.0,70.0
96.0,42.8,200,4.0,1.0,0.0,0.0,32.0,4.0,68608.0,2.0,993.0,5.0,70.0
96.25,43.8,200,5.0,1.0,0.0,0.0,32.0,4.0,68608.0,2.0,993.0,6.0,70.0
96.5,972.4,200,3.0,1.0,0.0,0.0,32.0,4.0,68608.0,2.0,993.0,4.0,70.0
97.5,41.8,200,4.0,1.0,0.0,0.0,32.0,4.0,74118.0,2.0,993.0,5.0,70.0
97.75,42.8,200,3.0,1.0,0.0,0.0,32.0,4.0,65853.0,2.0,993.0,4.0,70.0
98.0,42.7,200,4.0,1.0,0.0,0.0,32.0,4.0,65853.0,2.0,993.0,5.0,70.0
98.25,42.8,200,4.0,1.0,0.0,0.0,32.0,4.0,65853.0,2.0,993.0,5.0,70.0
98.5,42.3,200,3.0,1.0,0.0,0.0,32.0,4.0,72727.0,2.0,993.0,4.0,70.0
98.75,41.8,200,3.0,1.0,0.0,0.0,32.0,4.0,72955.0,2.0,993.0,4.0,70.0
99.0,1408.8,200,1.0,1.0,0.0,0.0,32.0,4.0,72955.0,2.0,993.0,2.0,70.0
100.5,41.8,200,3.0,1.0,0.0,0.0,32.0,4.0,78481.0,2.0,993.0,4.0,70.0
100.75,42.7,200,3.0,1.0,0.0,0.0,32.0,4.0,78481.0,2.0,993.0,4.0,70.0
101.0,41.8,200,2.0,1.0,0.0,0.0,32.0,4.0,75805.0,2.0,993.0,3.0,70.0
101.25,42.8,200,2.0,1.0,0.0,0.0,32.0,4.0,75805.0,2.0,993.0,3.0,70.0
101.5,41.8,200,3.0,1.0,0.0,0.0,32.0,4.0,78526.0,2.0,993.0,4.0,70.0
101.75,42.7,200,3.0,1.0,0.0,0.0,32.0,4.0,77854.0,2.0,993.0,4.0,70.0
102.0,43.0,200,4.0,1.0,0.0,0.0,32.0,4.0,77854.0,2.0,993.0,5.0,70.0
102.25,41.8,200,4.0,1.0,0.0,0.0,32.0,4.0,84988.0,2.0,993.0,5.0,70.0
102.5,41.8,200,4.0,1.0,0.0,0.0,32.0,4.0,84988.0,2.0,993.0,5.0,70.0
102.75,42.8,200,4.0,1.0,0.0,0.0,32.0,4.0,84988.0,2.0,993.0,5.0,70.0
103.0,1210.8,200,4.0,1.0,0.0,0.0,32.0,4.0,89349.0,2.0,993.0,5.0,70.0
104.25,41.8,200,4.0,1.0,0.0,0.0,32.0,4.0,89349.0,2.0,993.0,5.0,70.0
104.5,42.7,200,2.0,1.0,0.0,0.0,32.0,4.0,87102.0,2.0,993.0,3.0,70.0
104.75,41.8,200,2.0,1.0,0.0,0.0,32.0,4.0,87102.0,2.0,993.0,3.0,70.0
105.0,41.8,200,2.0,1.0,0.0,0.0,32.0,4.0,87102.0,2.0,993.0,3.0,70.0
105.25,41.8,200,1.0,1.0,0.0,0.0,32.0,4.0,88939.0,2.0,993.0,2.0,70.0
105.5,41.7,200,2.0,1.0,0.0,0.0,32.0,4.0,88939.0,2.0,993.0,3.0,70.0
105.75,1918.0,200,2.0,1.0,0.0,0.0,32.0,4.0,90563.0,2.0,993.0,3.0,70.0
107.75,41.8,200,3.0,1.0,0.0,0.0,32.0,4.0,90579.0,2.0,993.0,4.0,70.0
108.0,41.8,200,2.0,1.0,0.0,0.0,32.0,4.0,90579.0,2.0,993.0,3.0,70.0
108.25,41.8,200,1.0,1.0,0.0,0.0,32.0,4.0,88321.0,2.0,993.0,2.0,70.0
108.5,41.8,200,1.0,1.0,0.0,0.0,32.0,4.0,88321.0,2.0,993.0,2.0,70.0
108.75,41.7,200,1.0,1.0,0.0,0.0,32.0,4.0,87699.0,2.0,993.0,2.0,70.0
109.0,42.8,200,1.0,1.0,0.0,0.0,32.0,4.0,87699.0,2.0,993.0,2.0,70.0
109.25,41.8,200,5.0,1.0,0.0,0.0,32.0,4.0,89324.0,2.0,993.0,6.0,70.0
109.5,42.7,200,3.0,1.0,0.0,0.0,32.0,4.0,89324.0,2.0,993.0,4.0,70.0
109.75,42.8,200,3.0,1.0,0.0,0.0,32.0,4.0,89324.0,2.0,993.0,4.0,70.0
110.0,1166.3,200,2.0,1.0,0.0,0.0,32.0,4.0,89324.0,2.0,993.0,3.0,70.0
111.25,42.8,200,2.0,1.0,0.0,0.0,32.0,4.0,92808.0,2.0,993.0,3.0,70.0
111.5,41.7,200,1.0,1.0,0.0,0.0,32.0,4.0,91679.0,2.0,993.0,2.0,70.0
111.75,41.8,200,0.0,1.0,0.0,0.0,32.0,4.0,91685.0,2.0,993.0,1.0,70.0
112.0,41.7,200,1.0,1.0,0.0,0.0,32.0,4.0,90556.0,2.0,993.0,2.0,70.0
112.25,41.7,200,1.0,1.0,0.0,0.0,32.0,4.0,90556.0,2.0,993.0,2.0,70.0
112.5,41.7,200,2.0,1.0,0.0,0.0,32.0,4.0,90556.0,2.0,993.0,3.0,70.0
112.75,41.7,200,2.0,1.0,0.0,0.0,32.0,4.0,90556.0,2.0,993.0,3.0,70.0
113.0,42.8,200,2.0,1.0,0.0,0.0,32.0,4.0,91044.0,2.0,993.0,3.0,70.0
113.25,1859.8,200,3.0,1.0,0.0,0.0,32.0,4.0,91044.0,2.0,993.0,4.0,70.0
115.25,41.8,200,3.0,1.0,0.0,0.0,32.0,4.0,91057.0,2.0,993.0,4.0,70.0
115.5,44.7,200,1.0,1.0,0.0,0.0,32.0,4.0,88798.0,2.0,993.0,2.0,70.0
115.75,42.8,200,2.0,1.0,0.0,0.0,32.0,4.0,88798.0,2.0,993.0,3.0,70.0
116.0,42.8,200,1.0,1.0,0.0,0.0,32.0,4.0,88415.0,2.0,993.0,2.0,70.0
116.25,41.8,200,2.0,1.0,0.0,0.0,32.0,4.0,86657.0,2.0,993.0,3.0,70.0
116.5,42.8,200,3.0,1.0,0.0,0.0,32.0,4.0,86668.0,2.0,993.0,4.0,70.0
116.75,42.8,200,2.0,1.0,0.0,0.0,32.0,4.0,87415.0,2.0,993.0,3.0,70.0
117.0,42.8,200,2.0,1.0,0.0,0.0,32.0,4.0,87415.0,2.0,993.0,3.0,70.0
117.25,1423.2,200,2.0,1.0,0.0,0.0,32.0,4.0,87415.0,2.0,993.0,3.0,70.0
118.75,41.8,200,3.0,1.0,0.0,0.0,32.0,4.0,90162.0,2.0,993.0,4.0,70.0
119.0,42.7,200,1.0,1.0,0.0,0.0,32.0,4.0,90019.0,2.0,993.0,2.0,70.0
119.25,41.8,200,1.0,1.0,0.0,0.0,32.0,4.0,90019.0,2.0,993.0,2.0,70.0
119.5,41.8,200,1.0,1.0,0.0,0.0,32.0,4.0,90505.0,2.0,993.0,2.0,70.0
119.75,41.8,200,2.0,1.0,0.0,0.0,32.0,4.0,90505.0,2.0,993.0,3.0,70.0
120.0,1975.2,200,3.0,1.0,0.0,0.0,32.0,4.0,87607.0,2.0,1170.0,4.0,70.0
122.0,41.8,200,3.0,1.0,0.0,0.0,32.0,4.0,87622.0,2.0,1170.0,4.0,70.0
122.25,42.8,200,3.0,1.0,0.0,0.0,32.0,4.0,87622.0,2.0,1170.0,4.0,70.0
122.5,41.8,200,3.0,1.0,0.0,0.0,32.0,4.0,85366.0,2.0,1170.0,4.0,70.0
122.75,41.8,200,3.0,1.0,0.0,0.0,32.0,4.0,85366.0,2.0,1170.0,4.0,70.0
123.0,42.8,200,3.0,1.0,0.0,0.0,32.0,4.0,85366.0,2.0,1170.0,4.0,70.0
123.25,41.8,200,1.0,1.0,0.0,0.0,32.0,4.0,91078.0,2.0,1170.0,2.0,70.0
123.5,42.8,200,3.0,1.0,0.0,0.0,32.0,4.0,86558.0,2.0,1170.0,4.0,70.0
123.75,41.8,200,3.0,1.0,0.0,0.0,32.0,4.0,86558.0,2.0,1170.0,4.0,70.0
124.0,41.8,200,3.0,1.0,0.0,0.0,32.0,4.0,86558.0,2.0,1170.0,4.0,70.0
124.25,1164.8,200,2.0,1.0,0.0,0.0,32.0,4.0,86558.0,2.0,1170.0,3.0,70.0
125.5,42.8,200,4.0,1.0,0.0,0.0,32.0,4.0,92052.0,2.0,1170.0,5.0,70.0
125.75,41.8,200,1.0,1.0,0.0,0.0,32.0,4.0,89807.0,2.0,1170.0,2.0,70.0
126.0,41.8,200,1.0,1.0,0.0,0.0,32.0,4.0,89807.0,2.0,1170.0,2.0,70.0
126.25,41.8,200,0.0,1.0,0.0,0.0,32.0,4.0,89156.0,2.0,1170.0,1.0,70.0
126.5,42.8,200,1.0,1.0,0.0,0.0,32.0,4.0,84553.0,2.0,1170.0,2.0,70.0
126.75,41.8,200,3.0,1.0,0.0,0.0,32.0,4.0,84553.0,2.0,1170.0,4.0,70.0
127.0,1911.0,200,4.0,1.0,0.0,0.0,32.0,4.0,85042.0,2.0,1170.0,4.0,70.0
129.0,42.8,200,4.0,1.0,0.0,0.0,32.0,4.0,90550.0,2.0,1170.0,5.0,70.0
129.25,42.8,200,2.0,1.0,0.0,0.0,32.0,4.0,90550.0,2.0,1170.0,3.0,70.0
129.5,42.8,200,2.0,1.0,0.0,0.0,32.0,4.0,86034.0,2.0,1170.0,3.0,70.0
129.75,41.8,200,2.0,1.0,0.0,0.0,32.0,4.0,86034.0,2.0,1170.0,3.0,70.0
130.0,42.8,200,2.0,1.0,0.0,0.0,32.0,4.0,86034.0,2.0,1170.0,3.0,70.0
130.25,42.8,200,0.0,1.0,0.0,0.0,32.0,4.0,81070.0,2.0,1170.0,1.0,70.0
130.5,41.8,200,1.0,1.0,0.0,0.0,32.0,4.0,80233.0,2.0,1170.0,2.0,70.0
130.75,41.8,200,2.0,1.0,0.0,0.0,32.0,4.0,80233.0,2.0,1170.0,3.0,70.0
131.0,41.8,200,3.0,1.0,0.0,0.0,32.0,4.0,80233.0,2.0,1170.0,4.0,70.0
131.25,41.8,200,3.0,1.0,0.0,0.0,32.0,4.0,80233.0,2.0,1170.0,4.0,70.0
131.5,41.8,200,3.0,1.0,0.0,0.0,32.0,4.0,80233.0,2.0,1170.0,4.0,70.0
131.75,41.8,200,3.0,1.0,0.0,0.0,32.0,4.0,80233.0,2.0,1170.0,4.0,70.0
132.0,41.8,200,3.0,1.0,0.0,0.0,32.0,4.0,80233.0,2.0,1170.0,4.0,70.0
132.25,41.8,200,3.0,1.0,0.0,0.0,32.0,4.0,80233.0,2.0,1170.0,4.0,70.0
132.5,41.7,200,2.0,1.0,0.0,0.0,32.0,4.0,77975.0,2.0,1170.0,3.0,70.0
132.75,41.8,200,2.0,1.0,0.0,0.0,32.0,4.0,77982.0,2.0,1170.0,3.0,70.0
133.0,41.8,200,2.0,1.0,0.0,0.0,32.0,4.0,77982.0,2.0,1170.0,3.0,70.0
133.25,42.8,200,1.0,1.0,0.0,0.0,32.0,4.0,82347.0,2.0,1170.0,2.0,70.0
133.5,41.8,200,2.0,1.0,0.0,0.0,32.0,4.0,82347.0,2.0,1170.0,3.0,70.0
133.75,1806.3,200,2.0,1.0,0.0,0.0,32.0,4.0,84223.0,2.0,1170.0,3.0,70.0
135.75,42.8,200,2.0,1.0,0.0,0.0,32.0,4.0,84232.0,2.0,1170.0,3.0,70.0
136.0,42.8,200,2.0,1.0,0.0,0.0,32.0,4.0,82975.0,2.0,1170.0,3.0,70.0
136.25,41.7,200,2.0,1.0,0.0,0.0,32.0,4.0,82975.0,2.0,1170.0,3.0,70.0
136.5,41.8,200,2.0,1.0,0.0,0.0,32.0,4.0,82975.0,2.0,1170.0,3.0,70.0
136.75,41.8,200,0.0,1.0,0.0,0.0,32.0,4.0,80970.0,2.0,1170.0,1.0,70.0
137.0,42.8,200,1.0,1.0,0.0,0.0,32.0,4.0,75938.0,2.0,1170.0,2.0,70.0
137.25,42.8,200,1.0,1.0,0.0,0.0,32.0,4.0,75938.0,2.0,1170.0,2.0,70.0
137.5,42.8,200,1.0,1.0,0.0,0.0,32.0,4.0,75938.0,2.0,1170.0,2.0,70.0
137.75,41.8,200,1.0,1.0,0.0,0.0,32.0,4.0,75938.0,2.0,1170.0,2.0,70.0
138.0,42.8,200,1.0,1.0,0.0,0.0,32.0,4.0,75938.0,2.0,1170.0,2.0,70.0
138.25,42.8,200,1.0,1.0,0.0,0.0,32.0,4.0,75938.0,2.0,1170.0,2.0,70.0
138.5,41.8,200,1.0,1.0,0.0,0.0,32.0,4.0,75938.0,2.0,1170.0,2.0,70.0
138.75,42.8,200,1.0,1.0,0.0,0.0,32.0,4.0,75938.0,2.0,1170.0,2.0,70.0
139.0,42.0,200,1.0,1.0,0.0,0.0,32.0,4.0,75938.0,2.0,1170.0,2.0,70.0
139.25,41.7,200,1.0,1.0,0.0,0.0,32.0,4.0,73433.0,2.0,1170.0,2.0,70.0
139.5,41.8,200,0.0,1.0,0.0,0.0,32.0,4.0,74617.0,2.0,1170.0,1.0,70.0
139.75,42.8,200,0.0,1.0,0.0,0.0,32.0,4.0,70928.0,2.0,1170.0,1.0,70.0
140.0,41.8,200,0.0,1.0,0.0,0.0,32.0,4.0,67157.0,2.0,1170.0,1.0,70.0
140.25,1328.1,200,2.0,1.0,0.0,0.0,32.0,4.0,67157.0,2.0,1170.0,3.0,70.0
141.75,42.8,200,2.0,1.0,0.0,0.0,32.0,4.0,67169.0,2.0,1170.0,3.0,70.0
142.0,41.8,200,2.0,1.0,0.0,0.0,32.0,4.0,65513.0,2.0,1170.0,3.0,70.0
142.25,42.7,200,2.0,1.0,0.0,0.0,32.0,4.0,62141.0,2.0,1170.0,3.0,70.0
142.5,42.7,200,2.0,1.0,0.0,0.0,32.0,4.0,62141.0,2.0,1170.0,3.0,70.0
142.75,42.8,200,0.0,1.0,0.0,0.0,32.0,4.0,57929.0,2.0,1170.0,1.0,70.0
143.0,42.8,200,0.0,1.0,0.0,0.0,32.0,4.0,52791.0,2.0,1170.0,1.0,70.0
143.25,42.8,200,1.0,1.0,0.0,0.0,32.0,4.0,52791.0,2.0,1170.0,2.0,70.0
143.5,42.8,200,1.0,1.0,0.0,0.0,32.0,4.0,52791.0,2.0,1170.0,2.0,70.0
143.75,41.8,200,1.0,1.0,0.0,0.0,32.0,4.0,52791.0,2.0,1170.0,2.0,70.0
144.0,41.8,200,1.0,1.0,0.0,0.0,32.0,4.0,52791.0,2.0,1170.0,2.0,70.0
144.25,41.8,200,1.0,1.0,0.0,0.0,32.0,4.0,52791.0,2.0,1170.0,2.0,70.0
144.5,41.8,200,1.0,1.0,0.0,0.0,32.0,4.0,51540.0,2.0,1170.0,2.0,70.0
144.75,41.8,200,1.0,1.0,0.0,0.0,32.0,4.0,51540.0,2.0,1170.0,2.0,70.0
145.0,41.7,200,0.0,1.0,0.0,0.0,32.0,4.0,48120.0,2.0,1170.0,1.0,70.0
145.25,42.8,200,0.0,1.0,0.0,0.0,32.0,4.0,43092.0,2.0,1170.0,1.0,70.0
145.5,855.8,200,2.0,1.0,0.0,0.0,32.0,4.0,38062.0,2.0,1170.0,3.0,70.0
146.5,41.8,200,2.0,1.0,0.0,0.0,32.0,4.0,38074.0,2.0,1170.0,3.0,70.0
146.75,41.8,200,1.0,1.0,0.0,0.0,32.0,4.0,32974.0,2.0,1170.0,2.0,70.0
147.0,41.8,200,1.0,1.0,0.0,0.0,32.0,4.0,30532.0,2.0,1170.0,2.0,70.0
147.25,42.8,200,0.0,1.0,0.0,0.0,32.0,4.0,29626.0,2.0,1170.0,1.0,70.0
147.5,41.8,200,0.0,1.0,0.0,0.0,32.0,4.0,27119.0,2.0,1170.0,1.0,70.0
147.75,41.8,200,1.0,1.0,0.0,0.0,32.0,4.0,18318.0,0.0,1170.0,2.0,70.0
148.0,41.8,200,2.0,1.0,0.0,0.0,32.0,4.0,18318.0,0.0,1170.0,3.0,70.0
148.25,41.8,200,2.0,1.0,0.0,0.0,32.0,4.0,18318.0,0.0,1170.0,3.0,70.0
148.5,42.8,200,1.0,1.0,0.0,0.0,32.0,4.0,15810.0,0.0,1170.0,2.0,70.0
148.75,41.8,200,1.0,1.0,0.0,0.0,32.0,4.0,15810.0,0.0,1170.0,2.0,70.0
149.0,42.8,200,0.0,1.0,0.0,0.0,32.0,4.0,12471.0,0.0,1170.0,1.0,70.0
149.25,41.8,200,0.0,1.0,0.0,0.0,32.0,4.0,12291.0,0.0,1170.0,1.0,70.0
149.5,41.8,200,1.0,1.0,0.0,0.0,32.0,4.0,12111.0,0.0,1170.0,2.0,70.0
149.75,41.8,200,1.0,1.0,0.0,0.0,32.0,4.0,12111.0,0.0,1170.0,2.0,70.0
150.0,42.8,200,0.0,1.0,0.0,0.0,32.0,4.0,12031.0,0.0,1170.0,1.0,70.0
150.25,41.7,200,1.0,1.0,0.0,0.0,32.0,4.0,11896.0,0.0,1170.0,2.0,70.0
150.5,41.8,200,1.0,1.0,0.0,0.0,32.0,4.0,11896.0,0.0,1170.0,2.0,70.0
150.75,41.8,200,0.0,1.0,0.0,0.0,32.0,4.0,13324.0,0.0,1170.0,1.0,70.0
151.0,42.8,200,1.0,1.0,0.0,0.0,32.0,4.0,13144.0,0.0,1170.0,2.0,70.0
151.25,47.5,200,1.0,1.0,0.0,0.0,32.0,4.0,13144.0,0.0,1170.0,2.0,70.0
151.5,41.8,200,0.0,1.0,0.0,0.0,32.0,4.0,12933.0,0.0,1170.0,1.0,70.0
151.75,41.8,200,0.0,1.0,0.0,0.0,32.0,4.0,12617.0,0.0,1170.0,1.0,70.0
152.0,41.8,200,0.0,1.0,0.0,0.0,32.0,4.0,12392.0,0.0,279.0,1.0,70.0
152.25,41.8,200,1.0,1.0,0.0,0.0,32.0,4.0,12333.0,0.0,279.0,2.0,70.0
152.5,41.8,200,1.0,1.0,0.0,0.0,32.0,4.0,13851.0,0.0,279.0,2.0,70.0
152.75,69.5,200,1.0,1.0,0.0,0.0,32.0,4.0,13851.0,0.0,279.0,2.0,70.0
153.0,41.8,200,1.0,1.0,0.0,0.0,32.0,4.0,13862.0,0.0,279.0,2.0,70.0
153.25,41.8,200,0.0,1.0,0.0,0.0,32.0,4.0,13637.0,0.0,279.0,1.0,70.0
153.5,43.7,200,0.0,1.0,0.0,0.0,32.0,4.0,13410.0,0.0,279.0,1.0,70.0
153.75,42.8,200,0.0,1.0,0.0,0.0,32.0,4.0,13230.0,0.0,279.0,1.0,70.0
154.0,42.7,200,1.0,1.0,0.0,0.0,32.0,4.0,13065.0,0.0,279.0,2.0,70.0
154.25,42.8,200,2.0,1.0,0.0,0.0,32.0,4.0,13065.0,0.0,279.0,3.0,70.0
154.5,41.8,200,1.0,1.0,0.0,0.0,32.0,4.0,14315.0,0.0,279.0,2.0,70.0
154.75,41.8,200,1.0,1.0,0.0,0.0,32.0,4.0,14315.0,0.0,279.0,2.0,70.0
155.0,41.8,200,0.0,1.0,0.0,0.0,32.0,4.0,14051.0,0.0,279.0,1.0,70.0
155.25,41.8,200,0.0,1.0,0.0,0.0,32.0,4.0,14051.0,0.0,279.0,1.0,70.0
155.5,41.8,200,0.0,1.0,0.0,0.0,32.0,4.0,14051.0,0.0,279.0,1.0,70.0
155.75,41.8,200,0.0,1.0,0.0,0.0,32.0,4.0,14051.0,0.0,279.0,1.0,70.0
156.0,182.0,200,2.0,1.0,0.0,0.0,32.0,4.0,14051.0,0.0,279.0,3.0,70.0
156.25,41.8,200,2.0,1.0,0.0,0.0,32.0,4.0,14055.0,0.0,279.0,3.0,70.0
156.5,41.7,200,1.0,1.0,0.0,0.0,32.0,4.0,15395.0,0.0,279.0,2.0,70.0
156.75,41.8,200,0.0,1.0,0.0,0.0,32.0,4.0,15395.0,0.0,279.0,1.0,70.0
157.0,42.7,200,0.0,1.0,0.0,0.0,32.0,4.0,15395.0,0.0,279.0,1.0,70.0
157.25,41.9,200,0.0,1.0,0.0,0.0,32.0,4.0,15399.0,0.0,279.0,1.0,70.0
157.5,42.7,200,0.0,1.0,0.0,0.0,32.0,4.0,15399.0,0.0,279.0,1.0,70.0
157.75,41.8,200,1.0,1.0,0.0,0.0,32.0,4.0,15399.0,0.0,279.0,2.0,70.0
158.0,42.8,200,1.0,1.0,0.0,0.0,32.0,4.0,15399.0,0.0,279.0,2.0,70.0
158.25,41.8,200,1.0,1.0,0.0,0.0,32.0,4.0,15402.0,0.0,279.0,2.0,70.0
158.5,42.8,200,1.0,1.0,0.0,0.0,32.0,4.0,15402.0,0.0,279.0,2.0,70.0
158.75,41.8,200,0.0,1.0,0.0,0.0,32.0,4.0,17010.0,0.0,279.0,1.0,70.0
159.0,41.8,200,0.0,1.0,0.0,0.0,32.0,4.0,17010.0,0.0,279.0,1.0,70.0
159.25,198.1,200,2.0,1.0,0.0,0.0,32.0,4.0,17010.0,0.0,279.0,3.0,70.0
159.5,41.8,200,2.0,1.0,0.0,0.0,32.0,4.0,17013.0,0.0,279.0,3.0,70.0
159.75,41.8,200,1.0,1.0,0.0,0.0,32.0,4.0,18353.0,0.0,279.0,2.0,70.0
160.0,42.7,200,0.0,1.0,0.0,0.0,32.0,4.0,18353.0,0.0,279.0,1.0,70.0
160.25,41.8,200,0.0,1.0,0.0,0.0,32.0,4.0,18353.0,0.0,279.0,1.0,70.0
160.5,41.8,200,0.0,1.0,0.0,0.0,32.0,4.0,18357.0,0.0,279.0,1.0,70.0
160.75,41.8,200,0.0,1.0,0.0,0.0,32.0,4.0,18357.0,0.0,279.0,1.0,70.0
161.0,42.8,200,1.0,1.0,0.0,0.0,32.0,4.0,18357.0,0.0,279.0,2.0,70.0
161.25,41.8,200,1.0,1.0,0.0,0.0,32.0,4.0,18357.0,0.0,279.0,2.0,70.0
161.5,42.8,200,1.0,1.0,0.0,0.0,32.0,4.0,18360.0,0.0,279.0,2.0,70.0
161.75,41.7,200,1.0,1.0,0.0,0.0,32.0,4.0,18360.0,0.0,279.0,2.0,70.0
162.0,41.7,200,0.0,1.0,0.0,0.0,32.0,4.0,19968.0,0.0,279.0,1.0,70.0
162.25,41.8,200,0.0,1.0,0.0,0.0,32.0,4.0,19968.0,0.0,279.0,1.0,70.0
162.5,382.9,200,1.0,1.0,0.0,0.0,32.0,4.0,19968.0,0.0,279.0,2.0,70.0
163.0,42.8,200,1.0,1.0,0.0,0.0,32.0,4.0,19971.0,0.0,279.0,2.0,70.0
163.25,41.7,200,1.0,1.0,0.0,0.0,32.0,4.0,19971.0,0.0,279.0,2.0,70.0
163.5,41.8,200,0.0,1.0,0.0,0.0,32.0,4.0,19971.0,0.0,279.0,1.0,70.0
163.75,41.7,200,0.0,1.0,0.0,0.0,32.0,4.0,19971.0,0.0,279.0,1.0,70.0
164.0,41.8,200,0.0,1.0,0.0,0.0,32.0,4.0,19973.0,0.0,279.0,1.0,70.0
164.25,42.8,200,1.0,1.0,0.0,0.0,32.0,4.0,19973.0,0.0,279.0,2.0,70.0
164.5,250.8,200,1.0,1.0,0.0,0.0,32.0,4.0,19973.0,0.0,279.0,2.0,70.0
165.0,42.7,200,1.0,1.0,0.0,0.0,32.0,4.0,21584.0,0.0,279.0,2.0,70.0
165.25,41.7,200,0.0,1.0,0.0,0.0,32.0,4.0,22360.0,0.0,279.0,1.0,70.0
165.5,41.8,200,0.0,1.0,0.0,0.0,32.0,4.0,21944.0,0.0,279.0,1.0,70.0
165.75,42.8,200,0.0,1.0,0.0,0.0,32.0,4.0,21112.0,0.0,279.0,1.0,70.0
166.0,428.3,200,1.0,1.0,0.0,0.0,32.0,4.0,20904.0,0.0,279.0,2.0,70.0
166.5,41.8,200,1.0,1.0,0.0,0.0,32.0,4.0,20914.0,0.0,279.0,2.0,70.0
166.75,41.8,200,1.0,1.0,0.0,0.0,32.0,4.0,20914.0,0.0,279.0,2.0,70.0
167.0,41.8,200,0.0,1.0,0.0,0.0,32.0,4.0,19967.0,0.0,279.0,1.0,70.0
167.25,41.8,200,1.0,1.0,0.0,0.0,32.0,4.0,19759.0,0.0,279.0,2.0,70.0
167.5,41.7,200,1.0,1.0,0.0,0.0,32.0,4.0,19759.0,0.0,279.0,2.0,70.0
167.75,41.7,200,1.0,1.0,0.0,0.0,32.0,4.0,19759.0,0.0,279.0,2.0,70.0
168.0,356.6,200,1.0,1.0,0.0,0.0,32.0,4.0,20891.0,0.0,279.0,2.0,70.0
168.5,41.8,200,1.0,1.0,0.0,0.0,32.0,4.0,20897.0,0.0,279.0,2.0,70.0
168.75,42.8,200,0.0,1.0,0.0,0.0,32.0,4.0,20065.0,0.0,279.0,1.0,70.0
169.0,41.8,200,0.0,1.0,0.0,0.0,32.0,4.0,19025.0,0.0,279.0,1.0,70.0
169.25,41.8,200,0.0,1.0,0.0,0.0,32.0,4.0,17153.0,0.0,279.0,1.0,70.0
169.5,42.8,200,0.0,1.0,0.0,0.0,32.0,4.0,16129.0,0.0,279.0,1.0,70.0
169.75,41.7,200,1.0,1.0,0.0,0.0,32.0,4.0,16129.0,0.0,279.0,2.0,70.0
170.0,42.8,200,2.0,1.0,0.0,0.0,32.0,4.0,16129.0,0.0,279.0,3.0,70.0
170.25,41.9,200,3.0,1.0,0.0,0.0,32.0,4.0,16129.0,0.0,279.0,4.0,70.0
170.5,41.8,200,2.0,1.0,0.0,0.0,32.0,4.0,15719.0,0.0,279.0,3.0,70.0
170.75,41.7,200,2.0,1.0,0.0,0.0,32.0,4.0,15719.0,0.0,279.0,3.0,70.0
171.0,41.8,200,0.0,1.0,0.0,0.0,32.0,4.0,18727.0,0.0,279.0,1.0,70.0
171.25,42.8,200,0.0,1.0,0.0,0.0,32.0,4.0,17063.0,0.0,279.0,1.0,70.0
171.5,42.8,200,1.0,1.0,0.0,0.0,32.0,4.0,17063.0,0.0,279.0,2.0,70.0
171.75,41.7,200,1.0,1.0,0.0,0.0,32.0,4.0,17063.0,0.0,279.0,2.0,70.0
172.0,42.8,200,0.0,1.0,0.0,0.0,32.0,4.0,16448.0,0.0,279.0,1.0,70.0
172.25,41.8,200,0.0,1.0,0.0,0.0,32.0,4.0,15616.0,0.0,279.0,1.0,70.0
172.5,41.7,200,0.0,1.0,0.0,0.0,32.0,4.0,13952.0,0.0,279.0,1.0,70.0
172.75,42.8,200,0.0,1.0,0.0,0.0,32.0,4.0,13744.0,0.0,279.0,1.0,70.0
173.0,198.0,200,2.0,1.0,0.0,0.0,32.0,4.0,13744.0,0.0,279.0,3.0,70.0
173.25,41.8,200,2.0,1.0,0.0,0.0,32.0,4.0,13755.0,0.0,279.0,3.0,70.0
173.5,42.7,200,1.0,1.0,0.0,0.0,32.0,4.0,15363.0,0.0,279.0,2.0,70.0
173.75,41.7,200,0.0,1.0,0.0,0.0,32.0,4.0,15363.0,0.0,279.0,1.0,70.0
174.0,41.7,200,0.0,1.0,0.0,0.0,32.0,4.0,15363.0,0.0,279.0,1.0,70.0
174.25,41.8,200,0.0,1.0,0.0,0.0,32.0,4.0,15367.0,0.0,279.0,1.0,70.0
174.5,41.7,200,0.0,1.0,0.0,0.0,32.0,4.0,15367.0,0.0,279.0,1.0,70.0
174.75,42.8,200,1.0,1.0,0.0,0.0,32.0,4.0,15367.0,0.0,279.0,2.0,70.0
175.0,41.8,200,1.0,1.0,0.0,0.0,32.0,4.0,15367.0,0.0,279.0,2.0,70.0
175.25,41.8,200,0.0,1.0,0.0,0.0,32.0,4.0,15370.0,0.0,279.0,1.0,70.0
175.5,41.9,200,0.0,1.0,0.0,0.0,32.0,4.0,15370.0,0.0,279.0,1.0,70.0
175.75,41.7,200,0.0,1.0,0.0,0.0,32.0,4.0,15370.0,0.0,279.0,1.0,70.0
176.0,41.8,200,1.0,1.0,0.0,0.0,32.0,4.0,15370.0,0.0,279.0,2.0,70.0
176.25,41.8,200,3.0,1.0,0.0,0.0,32.0,4.0,15370.0,0.0,279.0,4.0,70.0
176.5,41.8,200,2.0,1.0,0.0,0.0,32.0,4.0,16979.0,0.0,279.0,3.0,70.0
176.75,42.7,200,1.0,1.0,0.0,0.0,32.0,4.0,18587.0,0.0,279.0,2.0,70.0
177.0,42.8,200,0.0,1.0,0.0,0.0,32.0,4.0,18587.0,0.0,279.0,1.0,70.0
177.25,41.9,200,0.0,1.0,0.0,0.0,32.0,4.0,18587.0,0.0,279.0,1.0,70.0
177.5,41.8,200,0.0,1.0,0.0,0.0,32.0,4.0,18593.0,0.0,279.0,1.0,70.0
177.75,41.8,200,0.0,1.0,0.0,0.0,32.0,4.0,18593.0,0.0,279.0,1.0,70.0
178.0,41.8,200,1.0,1.0,0.0,0.0,32.0,4.0,18593.0,0.0,279.0,2.0,70.0
178.25,41.8,200,2.0,1.0,0.0,0.0,32.0,4.0,18593.0,0.0,279.0,3.0,70.0
178.5,41.8,200,0.0,1.0,0.0,0.0,32.0,4.0,19938.0,0.0,279.0,1.0,70.0
178.75,41.8,200,0.0,1.0,0.0,0.0,32.0,4.0,19938.0,0.0,279.0,1.0,70.0
179.0,42.8,200,0.0,1.0,0.0,0.0,32.0,4.0,19938.0,0.0,279.0,1.0,70.0
179.25,41.7,200,0.0,1.0,0.0,0.0,32.0,4.0,19938.0,0.0,279.0,1.0,70.0
179.5,355.1,200,1.0,1.0,0.0,0.0,32.0,4.0,19939.0,0.0,279.0,2.0,70.0
180.0,41.8,200,1.0,1.0,0.0,0.0,32.0,4.0,19939.0,0.0,279.0,2.0,70.0
180.25,41.8,200,0.0,1.0,0.0,0.0,32.0,4.0,19939.0,0.0,279.0,1.0,70.0
180.5,41.8,200,0.0,1.0,0.0,0.0,32.0,4.0,19939.0,0.0,279.0,1.0,70.0
180.75,41.8,200,0.0,1.0,0.0,0.0,32.0,4.0,19939.0,0.0,279.0,1.0,70.0
181.0,41.8,200,0.0,1.0,0.0,0.0,32.0,4.0,19943.0,0.0,279.0,1.0,70.0
181.25,41.8,200,2.0,1.0,0.0,0.0,32.0,4.0,19943.0,0.0,279.0,3.0,70.0
181.5,41.8,200,2.0,1.0,0.0,0.0,32.0,4.0,19943.0,0.0,279.0,3.0,70.0
181.75,42.8,200,1.0,1.0,0.0,0.0,32.0,4.0,19943.0,0.0,279.0,2.0,70.0
182.0,41.8,200,0.0,1.0,0.0,0.0,32.0,4.0,19949.0,0.0,279.0,1.0,70.0
182.25,41.8,200,0.0,1.0,0.0,0.0,32.0,4.0,19949.0,0.0,465.0,1.0,70.0
182.5,41.8,200,0.0,1.0,0.0,0.0,32.0,4.0,19949.0,0.0,465.0,1.0,70.0
182.75,41.8,200,1.0,1.0,0.0,0.0,32.0,4.0,19745.0,0.0,465.0,2.0,70.0
183.0,41.8,200,2.0,1.0,0.0,0.0,32.0,4.0,19745.0,0.0,465.0,3.0,70.0
183.25,41.8,200,3.0,1.0,0.0,0.0,32.0,4.0,19745.0,0.0,465.0,4.0,70.0
183.5,42.8,200,4.0,1.0,0.0,0.0,32.0,4.0,19745.0,0.0,465.0,5.0,70.0
183.75,41.7,200,3.0,1.0,0.0,0.0,32.0,4.0,18931.0,0.0,465.0,4.0,70.0
184.0,41.7,200,3.0,1.0,0.0,0.0,32.0,4.0,18931.0,0.0,465.0,4.0,70.0
184.25,41.8,200,0.0,1.0,0.0,0.0,32.0,4.0,21063.0,0.0,465.0,1.0,70.0
184.5,41.8,200,0.0,1.0,0.0,0.0,32.0,4.0,19839.0,0.0,465.0,1.0,70.0
184.75,298.1,200,1.0,1.0,0.0,0.0,32.0,4.0,19431.0,0.0,465.0,2.0,70.0
185.25,41.8,200,0.0,1.0,0.0,0.0,32.0,4.0,19039.0,0.0,465.0,1.0,70.0
185.5,41.8,200,0.0,1.0,0.0,0.0,32.0,4.0,17815.0,0.0,465.0,1.0,70.0
185.75,42.8,200,0.0,1.0,0.0,0.0,32.0,4.0,17203.0,0.0,465.0,1.0,70.0
186.0,41.8,200,0.0,1.0,0.0,0.0,32.0,4.0,15775.0,0.0,465.0,1.0,70.0
186.25,42.8,200,1.0,1.0,0.0,0.0,32.0,4.0,14154.0,0.0,465.0,2.0,70.0
186.5,41.8,200,1.0,1.0,0.0,0.0,32.0,4.0,14154.0,0.0,465.0,2.0,70.0
186.75,42.8,200,1.0,1.0,0.0,0.0,32.0,4.0,14154.0,0.0,465.0,2.0,70.0
187.0,42.8,200,1.0,1.0,0.0,0.0,32.0,4.0,13746.0,0.0,465.0,2.0,70.0
187.25,41.8,200,1.0,1.0,0.0,0.0,32.0,4.0,13746.0,0.0,465.0,2.0,70.0
187.5,41.7,200,1.0,1.0,0.0,0.0,32.0,4.0,13746.0,0.0,465.0,2.0,70.0
187.75,41.8,200,0.0,1.0,0.0,0.0,32.0,4.0,12325.0,0.0,465.0,1.0,70.0
188.0,41.8,200,1.0,1.0,0.0,0.0,32.0,4.0,11509.0,0.0,465.0,2.0,70.0
188.25,41.8,200,1.0,1.0,0.0,0.0,32.0,4.0,11509.0,0.0,465.0,2.0,70.0
188.5,42.8,200,0.0,1.0,0.0,0.0,32.0,4.0,11101.0,0.0,465.0,1.0,70.0
188.75,42.8,200,0.0,1.0,0.0,0.0,32.0,4.0,10094.0,0.0,465.0,1.0,70.0
189.0,42.8,200,0.0,1.0,0.0,0.0,32.0,4.0,9074.0,0.0,465.0,1.0,70.0
189.25,41.7,200,2.0,1.0,0.0,0.0,32.0,4.0,8666.0,0.0,465.0,3.0,70.0
189.5,42.8,200,3.0,1.0,0.0,0.0,32.0,4.0,8666.0,0.0,465.0,4.0,70.0
189.75,42.8,200,3.0,1.0,0.0,0.0,32.0,4.0,8674.0,0.0,465.0,4.0,70.0
190.0,41.8,200,0.0,1.0,0.0,0.0,32.0,4.0,9210.0,0.0,465.0,1.0,70.0
190.25,41.8,200,0.0,1.0,0.0,0.0,32.0,4.0,9210.0,0.0,465.0,1.0,70.0
190.5,41.9,200,0.0,1.0,0.0,0.0,32.0,4.0,9210.0,0.0,465.0,1.0,70.0
190.75,41.7,200,0.0,1.0,0.0,0.0,32.0,4.0,9216.0,0.0,465.0,1.0,70.0
191.0,41.8,200,1.0,1.0,0.0,0.0,32.0,4.0,9216.0,0.0,465.0,2.0,70.0
191.25,42.8,200,0.0,1.0,0.0,0.0,32.0,4.0,9216.0,0.0,465.0,1.0,70.0
191.5,41.9,200,0.0,1.0,0.0,0.0,32.0,4.0,9216.0,0.0,465.0,1.0,70.0
191.75,41.8,200,0.0,1.0,0.0,0.0,32.0,4.0,9219.0,0.0,465.0,1.0,70.0
192.0,41.8,200,0.0,1.0,0.0,0.0,32.0,4.0,9219.0,0.0,465.0,1.0,70.0
192.25,42.8,200,1.0,1.0,0.0,0.0,32.0,4.0,9219.0,0.0,465.0,2.0,70.0
192.5,41.8,200,1.0,1.0,0.0,0.0,32.0,4.0,9219.0,0.0,465.0,2.0,70.0
192.75,41.8,200,1.0,1.0,0.0,0.0,32.0,4.0,9221.0,0.0,465.0,2.0,70.0
193.0,41.8,200,0.0,1.0,0.0,0.0,32.0,4.0,9221.0,0.0,465.0,1.0,70.0
193.25,41.8,200,0.0,1.0,0.0,0.0,32.0,4.0,9221.0,0.0,465.0,1.0,70.0
193.5,42.8,200,0.0,1.0,0.0,0.0,32.0,4.0,9221.0,0.0,465.0,1.0,70.0
193.75,41.7,200,0.0,1.0,0.0,0.0,32.0,4.0,9225.0,0.0,465.0,1.0,70.0
194.0,42.8,200,1.0,1.0,0.0,0.0,32.0,4.0,9225.0,0.0,465.0,2.0,70.0
194.25,41.8,200,0.0,1.0,0.0,0.0,32.0,4.0,9225.0,0.0,465.0,1.0,70.0
194.5,41.9,200,0.0,1.0,0.0,0.0,32.0,4.0,9225.0,0.0,465.0,1.0,70.0
194.75,41.7,200,0.0,1.0,0.0,0.0,32.0,4.0,9228.0,0.0,465.0,1.0,70.0
195.0,42.7,200,0.0,1.0,0.0,0.0,32.0,4.0,9228.0,0.0,465.0,1.0,70.0
195.25,41.7,200,1.0,1.0,0.0,0.0,32.0,4.0,9228.0,0.0,465.0,2.0,70.0
195.5,41.8,200,1.0,1.0,0.0,0.0,32.0,4.0,9228.0,0.0,465.0,2.0,70.0
195.75,42.7,200,0.0,1.0,0.0,0.0,32.0,4.0,9231.0,0.0,465.0,1.0,70.0
196.0,41.8,200,0.0,1.0,0.0,0.0,32.0,4.0,9231.0,0.0,465.0,1.0,70.0
196.25,41.7,200,0.0,1.0,0.0,0.0,32.0,4.0,9231.0,0.0,465.0,1.0,70.0
196.5,41.8,200,0.0,1.0,0.0,0.0,32.0,4.0,9231.0,0.0,465.0,1.0,70.0
196.75,162.7,200,1.0,1.0,0.0,0.0,32.0,4.0,9231.0,0.0,465.0,2.0,70.0
197.0,41.7,200,1.0,1.0,0.0,0.0,32.0,4.0,9232.0,0.0,465.0,2.0,70.0
197.25,41.7,200,0.0,1.0,0.0,0.0,32.0,4.0,9232.0,0.0,465.0,1.0,70.0
197.5,41.8,200,0.0,1.0,0.0,0.0,32.0,4.0,9232.0,0.0,465.0,1.0,70.0
197.75,41.8,200,0.0,1.0,0.0,0.0,32.0,4.0,9232.0,0.0,465.0,1.0,70.0
198.001,42.4,200,0.0,1.0,0.0,0.0,32.0,4.0,9234.0,0.0,465.0,1.0,70.0
198.25,41.8,200,1.0,1.0,0.0,0.0,32.0,4.0,9234.0,0.0,465.0,2.0,70.0
198.5,42.8,200,1.0,1.0,0.0,0.0,32.0,4.0,9234.0,0.0,465.0,2.0,70.0
198.75,41.7,200,0.0,1.0,0.0,0.0,32.0,4.0,9234.0,0.0,465.0,1.0,70.0
199.0,41.8,200,0.0,1.0,0.0,0.0,32.0,4.0,9237.0,0.0,465.0,1.0,70.0
199.25,42.8,200,0.0,1.0,0.0,0.0,32.0,4.0,9109.0,0.0,465.0,1.0,70.0
199.5,42.8,200,0.0,1.0,0.0,0.0,32.0,4.0,8725.0,0.0,465.0,1.0,70.0
199.75,41.8,200,1.0,1.0,0.0,0.0,32.0,4.0,8213.0,0.0,465.0,2.0,70.0
200.0,41.8,200,0.0,1.0,0.0,0.0,32.0,4.0,7966.0,0.0,465.0,1.0,70.0
200.25,41.8,200,0.0,1.0,0.0,0.0,32.0,4.0,6814.0,0.0,465.0,1.0,70.0
200.5,41.7,200,0.0,1.0,0.0,0.0,32.0,4.0,6302.0,0.0,465.0,1.0,70.0
200.75,41.8,200,0.0,1.0,0.0,0.0,32.0,4.0,5662.0,0.0,465.0,1.0,70.0
201.0,41.8,200,1.0,1.0,0.0,0.0,32.0,4.0,4894.0,0.0,465.0,2.0,70.0
201.25,42.8,200,1.0,1.0,0.0,0.0,32.0,4.0,4894.0,0.0,465.0,2.0,70.0
201.5,41.8,200,0.0,1.0,0.0,0.0,32.0,4.0,4521.0,0.0,465.0,1.0,70.0
201.75,41.8,200,0.0,1.0,0.0,0.0,32.0,4.0,3753.0,0.0,465.0,1.0,70.0
202.0,41.8,200,0.0,1.0,0.0,0.0,32.0,4.0,3151.0,0.0,465.0,1.0,70.0
202.25,41.8,200,0.0,1.0,0.0,0.0,32.0,4.0,2255.0,0.0,465.0,1.0,70.0
202.5,41.8,200,0.0,1.0,0.0,0.0,32.0,4.0,1886.0,0.0,465.0,1.0,70.0
202.75,42.8,200,0.0,1.0,0.0,0.0,32.0,4.0,1374.0,0.0,465.0,1.0,70.0
203.0,41.8,200,0.0,1.0,0.0,0.0,32.0,4.0,606.0,0.0,465.0,1.0,70.0
203.25,41.8,200,0.0,1.0,0.0,0.0,32.0,4.0,606.0,0.0,465.0,1.0,70.0
203.5,41.7,200,1.0,1.0,0.0,0.0,32.0,4.0,615.0,0.0,465.0,2.0,70.0
203.75,41.7,200,0.0,1.0,0.0,0.0,32.0,4.0,615.0,0.0,465.0,1.0,70.0
204.0,41.7,200,0.0,1.0,0.0,0.0,32.0,4.0,615.0,0.0,465.0,1.0,70.0
204.251,42.5,200,0.0,1.0,0.0,0.0,32.0,4.0,615.0,0.0,465.0,1.0,70.0
204.5,41.7,200,0.0,1.0,0.0,0.0,32.0,4.0,618.0,0.0,465.0,1.0,70.0
