t,kind,status,ms
0.0,page,200,2882.1
3.882,stats,200,322.0
5.205,page,200,822.1
7.027,stats,200,1167.1
9.194,page,200,2290.3
12.484,stats,200,2470.6
15.955,page,200,2463.5
19.418,stats,200,3125.2
23.544,page,200,2464.3
27.008,stats,200,2257.2
30.265,page,200,2596.2
33.862,stats,200,2482.2
37.344,page,200,2150.6
40.495,stats,200,2851.8
44.347,page,200,2376.1
47.723,stats,200,2451.4
51.174,page,200,2343.3
54.518,stats,200,1847.7
57.365,page,200,1700.9
60.066,stats,200,1681.9
62.748,page,200,1917.9
65.666,stats,200,2318.7
68.985,page,200,2636.8
72.622,stats,200,2635.6
76.258,page,200,3310.1
80.568,stats,200,1955.4
83.523,page,200,3035.2
87.559,stats,200,1879.8
90.438,page,200,2225.0
93.664,stats,200,2583.5
97.247,page,200,2855.5
101.103,stats,200,2482.2
104.585,page,200,2781.5
108.367,stats,200,2261.5
111.628,page,200,2470.5
115.099,stats,200,2121.6
118.22,page,200,2505.7
121.726,stats,200,1794.9
124.521,page,200,1768.0
127.289,stats,200,1343.8
129.633,page,200,1436.1
132.069,stats,200,1148.5
134.218,page,200,1303.4
136.521,stats,200,445.6
137.967,page,200,644.8
139.612,stats,200,407.4
141.019,page,200,545.2
142.565,stats,200,508.8
144.074,page,200,698.5
145.773,stats,200,523.4
147.296,page,200,713.5
149.01,stats,200,667.3
150.677,page,200,866.1
152.543,stats,200,663.7
154.207,page,200,837.3
156.045,stats,200,587.4
157.632,page,200,636.8
159.269,stats,200,629.7
160.899,page,200,642.1
162.541,stats,200,499.8
164.041,page,200,695.6
165.736,stats,200,594.6
167.331,page,200,785.9
169.117,stats,200,631.6
170.749,page,200,830.6
172.579,stats,200,578.5
174.158,page,200,699.1
175.857,stats,200,403.2
177.26,page,200,637.3
178.898,stats,200,530.9
180.429,page,200,758.3
182.187,stats,200,549.2
183.736,page,200,786.6
185.523,stats,200,607.4
187.131,page,200,765.1
188.896,stats,200,452.8
190.349,page,200,546.7
191.895,stats,200,282.6
193.178,page,200,475.3
194.653,stats,200,293.9
195.947,page,200,479.4
197.427,stats,200,282.0
198.709,page,200,483.8
